-- 应用程序数据
INSERT INTO `app_application` VALUES ('1', 'coframe', '服务端应', '0', '1', '\0', '2022-12-14', 'http', '', '', '', '', null, 'default');
-- 应用功能组数据
INSERT INTO `app_func_group` VALUES ('1', '1', '应用功能管理', null, '1', '.1.', '1', 'n', '5', '', 'default');
INSERT INTO `app_func_group` VALUES ('2', '1', '菜单管理', null, '1', '.2.', '2', 'n', '0', '', 'default');
INSERT INTO `app_func_group` VALUES ('3', '1', '授权管理', null, '1', '.3.', '3', 'n', '0', '', 'default');
INSERT INTO `app_func_group` VALUES ('5', '1', '用户管理', null, '1', '.5.', '4', 'n', '0', '', 'default');
INSERT INTO `app_func_group` VALUES ('901', '1', '报表管理', '0', '1', '.901.', '76', 'n', '0', null, 'default');
INSERT INTO `app_func_group` VALUES ('902', '1', '接入点资源维护', '0', '1', '.902.', '77', 'n', '0', null, 'default');
INSERT INTO `app_func_group` VALUES ('905', '1', '设备类型维护', '0', '1', '.905.', '80', 'n', '0', null, 'default');
INSERT INTO `app_func_group` VALUES ('906', '1', '预警管理', '0', '1', '.906.', '81', 'n', '0', null, 'default');
INSERT INTO `app_func_group` VALUES ('907', '1', '业务字典管理', '0', '1', '.907.', '82', 'n', '0', null, 'default');
INSERT INTO `app_func_group` VALUES ('908', '1', '日志删除规则管理', '0', '1', '.908.', '83', 'n', '0', null, 'default');
INSERT INTO `app_func_group` VALUES ('909', '1', '日志管理', '0', '1', '.909.', '84', 'n', '0', null, 'default');
INSERT INTO `app_func_group` VALUES ('910', '1', '终端管理', '0', '1', '.910.', '85', 'n', '0', null, 'default');
INSERT INTO `app_func_group` VALUES ('911', '1', '升级管理', '0', '1', '.911.', '86', 'n', '0', null, 'default');
INSERT INTO `app_func_group` VALUES ('914', '1', '更新包管理', '0', '1', '.914.', '89', 'n', '0', null, 'default');
INSERT INTO `app_func_group` VALUES ('915', '1', '设备管理', '0', '1', '.915.', '90', 'n', '0', null, 'default');
INSERT INTO `app_func_group` VALUES ('918', '1', '角色管理', '0', '1', '.918.', '5', 'n', '0', null, 'default');
INSERT INTO `app_func_group` VALUES ('919', '1', '业务字典管理', '0', '1', '.919.', '6', 'n', '0', null, 'default');
INSERT INTO `app_func_group` VALUES ('920', '1', '监测管理', '0', '1', '.920.', '92', 'n', '0', null, 'default');
INSERT INTO `app_func_group` VALUES ('922', '1', '基地信息维护', '0', '1', '.922.', '93', 'n', '0', null, 'default');
INSERT INTO `app_func_group` VALUES ('923', '1', '有关系统', '0', '1', '.923.', '94', 'n', '0', null, 'default');
INSERT INTO `app_func_group` VALUES ('924', '1', '组织架构管理', '0', '1', '.924.', '81', 'n', '0', null, 'default');

-- 应用功能数据
INSERT INTO `app_function` VALUES ('abn_log_list', '异常日志', '', '/log/abnLog/abn_log_list.jsp', '', '1', 'page', '8', '1', null, 'default', '909');
INSERT INTO `app_function` VALUES ('abn_pro_prcs_list', '生产过程异常报表查询', '', '/report/abn_pro_prcs_list.jsp', '', '1', 'page', '3', '1', null, 'default', '901');
INSERT INTO `app_function` VALUES ('about_system', '系统文件', '', '/aboutSystem/about_system.jsp', '', '1', 'page', '1', '1', null, 'default', '923');
INSERT INTO `app_function` VALUES ('accPointRes_list', '接入点查询', '', '/basic/accPointResMaintain/accPointRes_list.jsp', '', '1', 'page', '3', '1', null, 'default', '902');
INSERT INTO `app_function` VALUES ('alarmEvent_delete', '预警事件删除', '', '/warn//alarmEvent/delete/{alarmEventId}', '', '', '', '2', '\0', null, 'default', '906');
INSERT INTO `app_function` VALUES ('alarmRule_delete', '预警规则删除', '', '/warn//alarmRule/delete/{alarmRuletId}', '', '', '', '6', '\0', null, 'default', '906');
INSERT INTO `app_function` VALUES ('alarm_event_add', '预警事件添加', '', '/warn/alarmEvent/alarm_event_add.jsp', '', '', '', '1', '\0', null, 'default', '906');
INSERT INTO `app_function` VALUES ('alarm_event_edit', '预警事件修改', '', '/warn/alarmEvent/alarm_event_edit.jsp', '', '', '', '4', '\0', null, 'default', '906');
INSERT INTO `app_function` VALUES ('alarm_event_list', '预警事件查询', '', '/warn/alarmEvent/alarm_event_list.jsp', '', '1', 'page', '3', '1', null, 'default', '906');
INSERT INTO `app_function` VALUES ('alarm_rule_add', '预警规则添加', '', '/warn/alarmRule/alarm_rule_add.jsp', '', '', '', '5', '\0', null, 'default', '906');
INSERT INTO `app_function` VALUES ('alarm_rule_edit', '预警规则修改', '', '/warn/alarmRule/alarm_rule_edit.jsp', '', '', '', '8', '\0', null, 'default', '906');
INSERT INTO `app_function` VALUES ('alarm_rule_list', '预警规则查询', '', '/warn/alarmRule/alarm_rule_list.jsp', '', '1', 'page', '7', '1', null, 'default', '906');
INSERT INTO `app_function` VALUES ('application_add', '添加应用', '', '/coframe/framework/application/application_add.jsp', '', '1', 'form', '1', '1', '', 'default', '1');
INSERT INTO `app_function` VALUES ('application_edit', '修改应用', '', '/coframe/framework/application/application_edit.jsp', '', '1', 'page', '3', '0', '', 'default', '1');
INSERT INTO `app_function` VALUES ('application_manager', '管理应用功能树', '', '/coframe/framework/application/application_manager.jsp', '', '1', 'page', '2', '1', '', 'default', '1');
INSERT INTO `app_function` VALUES ('appliction_delete', '删除应用', '', '/com.zimax.components.coframe.framework.ApplicationManager.deleteApplications.biz.ext', 'F', '1', 'other', '4', '0', '', 'default', '1');
INSERT INTO `app_function` VALUES ('blanking_list', '下料报表查询', '', '/report/blanking_list.jsp', '', '1', 'page', '2', '1', null, 'default', '901');
INSERT INTO `app_function` VALUES ('deviceloginLog_query', '登录日志查询', '', '/log/loginLog/login_log_list.jsp', '', '1', 'page', '1', '1', null, 'default', '909');
INSERT INTO `app_function` VALUES ('device_abnormal_warn', '终端异常告警', '', '/monitor/device_abnormal_warn.jsp', '', '1', 'page', '2', '1', null, 'default', '920');
INSERT INTO `app_function` VALUES ('device_edit', '终端修改', '', '/equipment/device/device_edit.jsp', '', '', '', '2', '1', null, 'default', '910');
INSERT INTO `app_function` VALUES ('device_exchange_log_list', '设备交互日志', '', '/log/deviceExchangeLog/device_exchange_log_list.jsp', '', '1', 'page', '3', '1', null, 'default', '909');
INSERT INTO `app_function` VALUES ('device_list', '终端查询', '', '/equipment/device/device_list.jsp', '', '', '', '3', '1', null, 'default', '910');
INSERT INTO `app_function` VALUES ('device_regist', '终端注册', '', '/equipment/device/device_regist.jsp', '', '', '', '1', '1', null, 'default', '910');
INSERT INTO `app_function` VALUES ('device_rollback_list', '终端回退记录查询', '', '/equipment/deviceUpgrade/device_rollback_list.jsp', '', '1', 'page', '3', '1', null, 'default', '911');
INSERT INTO `app_function` VALUES ('device_status', '终端状态', '', '/monitor/device_status.jsp', '', '1', 'page', '1', '1', null, 'default', '920');
INSERT INTO `app_function` VALUES ('device_upgrade_list', '终端升级记录查询', '', '/equipment/deviceUpgrade/device_upgrade_list.jsp', '', '1', 'page', '2', '1', null, 'default', '911');
INSERT INTO `app_function` VALUES ('dict_manager', '配置业务字典', '', '/coframe/dict/dict_manager.jsp', '', '1', 'page', '1', '1', null, 'default', '919');
INSERT INTO `app_function` VALUES ('equipment_access _status', '设备接入状态', '', '/monitor/equipment_access _status.jsp', '', '1', 'page', '3', '1', null, 'default', '920');
INSERT INTO `app_function` VALUES ('equipment_add', '设备添加', '', '/equipment/equipment/equipment_add.jsp', '', '', 'page', '1', '1', null, 'default', '915');
INSERT INTO `app_function` VALUES ('equipment_delete', '设备删除', '', '/equipment/equipment/delete/{equipmentInt}', '', '', 'page', '3', '1', null, 'default', '915');
INSERT INTO `app_function` VALUES ('equipment_edit', '设备修改', '', '/equipment/equipment/equipment_edit.jsp', '', '', '', '2', '1', null, 'default', '915');
INSERT INTO `app_function` VALUES ('equipment_list', '设备查询', '', '/equipment/equipment/equipment_list.jsp', '', '', 'page', '4', '1', null, 'default', '915');
INSERT INTO `app_function` VALUES ('equipType_list', '设备类型查询', '', '/basic/equipType/equipType_list.jsp', '', '1', 'page', '3', '1', null, 'default', '905');
INSERT INTO `app_function` VALUES ('factory_manage', '基地信息查询', '', '/basic/matrixInfo/factory_manage.jsp', '', '1', 'page', '1', '1', null, 'default', '922');
INSERT INTO `app_function` VALUES ('feeding_list', '上料报表查询', '', '/report/feeding_list.jsp', '', '1', 'page', '1', '1', null, 'default', '901');
INSERT INTO `app_function` VALUES ('funcgroup_add', '添加功能组', '', '/coframe/framework/functiongroup/func_group_add.jsp', '', '1', 'page', '6', '0', '', 'default', '1');
INSERT INTO `app_function` VALUES ('funcgroup_edit', '修改功能组', '', '/coframe/framework/functiongroup/func_group_edit.jsp', '', '1', 'page', '7', '0', '', 'default', '1');
INSERT INTO `app_function` VALUES ('function_add', '添加功能', '', '/coframe/framework/function/function_add.jsp', '', '1', 'page', '10', '0', '', 'default', '1');
INSERT INTO `app_function` VALUES ('function_delete', '删除功能', '', '/com.zimax.components.coframe.framework.ApplicationManager.deleteApplications.biz.ext', '', '1', 'other', '12', '0', '', 'default', '1');
INSERT INTO `app_function` VALUES ('function_edit', '修改功能', '', '/coframe/framework/function/function_edit.jsp', '', '1', 'page', '11', '0', '', 'default', '1');
INSERT INTO `app_function` VALUES ('function_list', '查询功能', '', '/coframe/framework/function/function_list.jsp', '', '1', 'page', '9', '0', '', 'default', '1');
INSERT INTO `app_function` VALUES ('function_role_auth', '功能授权', '', '/coframe/framework/function/function_role_auth.jsp', '', '1', 'page', '2', '0', '', 'default', '3');
INSERT INTO `app_function` VALUES ('func_group_delete', '删除功能组', '', '/com.zimax.components.coframe.framework.ApplicationManager.deleteApplications.biz.ext', '', '1', 'other', '8', '0', '', 'default', '1');
INSERT INTO `app_function` VALUES ('func_group_list', '查询功能组', '', '/coframe/framework/functiongroup/func_group_list.jsp', '', '1', 'page', '5', '0', '', 'default', '1');
INSERT INTO `app_function` VALUES ('interface_log_list', '接口日志', '', '/log/interfaceLog/interface_log_list.jsp', '', '1', 'page', '2', '1', null, 'default', '909');
INSERT INTO `app_function` VALUES ('logoutDevice', '终端注销', '', '/equipment/device/logoutDevice/{deviceId}', '', '', '', '4', '1', null, 'default', '910');
INSERT INTO `app_function` VALUES ('log_delete_rule_list', '日志删除规则查询', '', '/basic/logDeleteRule/log_delete_rule_list.jsp', '', '1', 'page', '3', '1', null, 'default', '908');
INSERT INTO `app_function` VALUES ('menu_add', '添加菜单', '', '/coframe/framework/menu/menu_add.jsp', '', '1', 'page', '2', '0', '', 'default', '2');
INSERT INTO `app_function` VALUES ('menu_delete', '删除菜单', '', '/com.zimax.components.coframe.framework.MenuManager.deleteMenus.biz.ext', '', '1', 'other', '4', '0', '', 'default', '2');
INSERT INTO `app_function` VALUES ('menu_edit', '修改菜单', '', '/coframe/framework/menu/menu_edit.jsp', '', '1', 'page', '3', '0', '', 'default', '2');
INSERT INTO `app_function` VALUES ('menu_manage', '管理菜单树', '', '/coframe/framework/menu/menu_manage.jsp', '', '1', 'page', '1', '1', '', 'default', '2');
INSERT INTO `app_function` VALUES ('mes_log_list', 'MES交互日志', '', '/log/mesLog/mes_log_list.jsp', '', '1', 'page', '7', '1', null, 'default', '909');
INSERT INTO `app_function` VALUES ('operation_log_list', '操作日志', '', '/log/operationLog/operation_log_list.jsp', '', '1', 'page', '4', '1', null, 'default', '909');
INSERT INTO `app_function` VALUES ('organize', '组织管理', '', '/coframe/org/org_tree.jsp', '', '1', 'page', '1', '1', null, 'default', '924');
INSERT INTO `app_function` VALUES ('plc_log_list', 'PLC交互日志', '', '/log/plcLog/plc_log_list.jsp', '', '1', 'page', '5', '1', null, 'default', '909');
INSERT INTO `app_function` VALUES ('reset_password', '重置密码', '', '/coframe/rights/user/reset_password.jsp', '', '1', 'page', '4', '0', '', 'default', '5');
INSERT INTO `app_function` VALUES ('rfid_log_list', 'RFID交互日志', '', '/log/rfidLog/rfid_log_list.jsp', '', '1', 'page', '6', '1', null, 'default', '909');
INSERT INTO `app_function` VALUES ('rfid_read_list', 'RFID读取率报表查询', '', '/report/rfid_read_list.jsp', '', '1', 'page', '4', '1', null, 'default', '901');
INSERT INTO `app_function` VALUES ('role_add', '添加角色', '', '/coframe/rights/role/role_add.jsp', '', '1', 'page', '2', '0', null, 'default', '918');
INSERT INTO `app_function` VALUES ('role_auth', '授权管理', '', '/coframe/auth/role_auth.jsp', '', '1', 'page', '1', '1', '', 'default', '3');
INSERT INTO `app_function` VALUES ('role_delete', '删除角色', '', '/com.zimax.components.coframe.rights.RoleManager.removeRoles.biz.ext', '', '1', 'other', '4', '0', null, 'default', '918');
INSERT INTO `app_function` VALUES ('role_manager', '角色管理', '', '/coframe/rights/role/role_manager.jsp', '', '1', 'page', '1', '1', null, 'default', '918');
INSERT INTO `app_function` VALUES ('role_update', '修改角色', '', '/coframe/rights/role/role_update.jsp', '', '1', 'page', '3', '0', null, 'default', '918');
INSERT INTO `app_function` VALUES ('select_version', '更新包版本查询', '', '/equipment/deviceUpgrade/select_version.jsp', '', '1', 'page', '1', '1', null, 'default', '911');
INSERT INTO `app_function` VALUES ('serviceDictionary_add', '业务字典项添加', '', '', '', '', '', '1', '\0', null, 'default', '907');
INSERT INTO `app_function` VALUES ('serviceDictionary_delete', '业务字典项删除', '', '', '', '', '', '2', '\0', null, 'default', '907');
INSERT INTO `app_function` VALUES ('serviceDictionary_query', '业务字典项查询', '', '', '', '', '', '3', '\0', null, 'default', '907');
INSERT INTO `app_function` VALUES ('serviceDictionary_update', '业务字典项修改', '', '', '', '', '', '4', '\0', null, 'default', '907');
INSERT INTO `app_function` VALUES ('software_runtime_status', '软件运行状态查询', '', '/monitor/software_runtime_status.jsp', '', '1', 'page', '5', '1', null, 'default', '920');
INSERT INTO `app_function` VALUES ('system_monitor_warn', '系统监控告警', '', '/monitor/system_monitor_warn.jsp', '', '1', 'page', '4', '1', null, 'default', '920');
INSERT INTO `app_function` VALUES ('update_package_manager', '更新包查询', '', '/update/update_package_manager.jsp', '', '', 'page', '2', '1', null, 'default', '914');
INSERT INTO `app_function` VALUES ('update_package_uploads', '更新包上传', '', '/update/update_package_uploads.jsp', '', '', 'page', '1', '1', null, 'default', '914');
INSERT INTO `app_function` VALUES ('user_add', '添加用户', '', '/coframe/rights/user/user_add.jsp', '', '1', 'page', '2', '0', '', 'default', '5');
INSERT INTO `app_function` VALUES ('user_delete', '删除用户', '', '/com.zimax.components.coframe.rights.UserManager.deleteUser.biz.ext', '', '1', 'other', '5', '0', '', 'default', '5');
INSERT INTO `app_function` VALUES ('user_list', '查看用户列表', '', '/coframe/rights/user/user_list.jsp', '', '1', 'page', '1', '1', '', 'default', '5');
INSERT INTO `app_function` VALUES ('user_update', '修改用户', '', '/coframe/rights/user/user_update.jsp', '', '1', 'page', '3', '0', '', 'default', '5');
-- 菜单数据
INSERT INTO `app_menu` VALUES ('1', '', '权限', '权限', 'menu_auth', '0', null, '1', '7', 'icon-quanxianguanli', null, '.1.', '1', '10', '0', '', null, null);
INSERT INTO `app_menu` VALUES ('3', '1', '应用功能管理', '应用功能管理', 'menu_app_function', '1', '', '2', '1', '', '', '.1.3.', '', '0', null, 'application_manager', '', 'default');
INSERT INTO `app_menu` VALUES ('4', '1', '菜单管理', '菜单管理', 'menu_menu_manager', '1', '', '2', '2', '', '', '.1.4.', '', '0', null, 'menu_manage', '', 'default');
INSERT INTO `app_menu` VALUES ('5', '1', '授权管理', '授权管理', 'menu_auth', '1', '', '2', '6', '', '', '.1.5.', '', '0', null, 'role_auth', '', 'default');
INSERT INTO `app_menu` VALUES ('6', '1', '角色管理', '角色管理', 'menu_role_manager', '1', '', '2', '3', '', '', '.1.6.', '', '0', '0', 'role_manager', '', '');
INSERT INTO `app_menu` VALUES ('7', '1', '用户管理', '用户管理', 'menu_user_manager', '1', '', '2', '5', '', '', '.1.7.', '', '0', null, 'user_list', '', 'default');
INSERT INTO `app_menu` VALUES ('8', '1', '配置业务字典', '配置业务字典', 'menu_dict_manager', '1', '', '2', '4', '', '', '.1.51.', '', '0', null, 'dict_manager', '', 'default');
INSERT INTO `app_menu` VALUES ('9', '', '建模', '建模', 'model', '0', null, '1', '2', 'icon-jianmoguanli', null, '.9.', '1', '13', '0', '', null, null);
INSERT INTO `app_menu` VALUES ('10', '', '报表', '报表', 'report', '0', null, '1', '5', 'icon-baobiaoguanli', null, '.10.', '1', '9', '0', '', null, null);
INSERT INTO `app_menu` VALUES ('11', '', '监控', '监控', 'monitor', '0', null, '1', '3', 'icon-jiankongguanli', null, '.11.', '1', '10', '0', '', null, null);
INSERT INTO `app_menu` VALUES ('14', '9', '终端管理', '终端管理', 'terminalManage', '1', null, '2', '2', '', null, '.9.14.', '1', '0', '0', 'device_list', null, null);
INSERT INTO `app_menu` VALUES ('15', '9', '设备管理', '设备管理', 'assetsManage', '1', null, '2', '3', '', null, '.9.15.', '1', '0', '0', 'equipment_list', null, null);
INSERT INTO `app_menu` VALUES ('17', '10', '下料报表', '下料报表', 'blankingReport', '1', '', '2', '2', '', '', '.10.17.', '1', '0', '0', 'blanking_list', '', '');
INSERT INTO `app_menu` VALUES ('18', '10', '生产过程异常报表', '生产过程异常报表', 'abnProcessReport', '1', '', '2', '3', '', '', '.10.18.', '1', '0', '0', 'abn_pro_prcs_list', '', '');
INSERT INTO `app_menu` VALUES ('19', '10', 'RFID读取率报表', 'RFID读取率报表', 'RFIDReport', '1', '', '2', '4', '', '', '.10.19.', '1', '0', '0', 'rfid_read_list', '', '');
INSERT INTO `app_menu` VALUES ('37', '10', '上料报表', '上料报表', 'feedingReport', '1', '', '2', '1', '', '', '.10.37.', '1', '0', '0', 'feeding_list', '', '');
INSERT INTO `app_menu` VALUES ('38', '', '主页', '主页', 'MainPage', '0', null, '1', '1', '', null, '.38.', '1', '0', '0', '', null, null);
INSERT INTO `app_menu` VALUES ('39', '11', '终端状态', '终端状态', 'device_status', '1', '', '2', '1', '', '', '.11.39.', '1', '0', '0', 'device_status', '', '');
INSERT INTO `app_menu` VALUES ('40', '11', '软件运行状态', '软件运行状态', 'software_runtime_status', '1', '', '2', '2', '', '', '.11.40.', '1', '0', '0', 'software_runtime_status', '', '');
INSERT INTO `app_menu` VALUES ('41', '11', '设备接入状态', '设备接入状态', 'equipment_access _status', '1', '', '2', '3', '', '', '.11.41.', '1', '0', '0', 'equipment_access _status', '', '');
INSERT INTO `app_menu` VALUES ('42', '11', '终端异常告警', '终端异常告警', 'device_abnormal_warn', '1', '', '2', '4', '', '', '.11.42.', '1', '0', '0', 'device_abnormal_warn', '', '');
INSERT INTO `app_menu` VALUES ('46', '', '版本', '版本', 'VERSION', '0', null, '1', '2', 'icon-banbenguanli', null, '.46.', '1', '4', '0', '', null, null);
INSERT INTO `app_menu` VALUES ('48', '46', '升级记录', '升级记录', 'UpdateRecord', '1', null, '2', '2', '', null, '.46.48.', '1', '0', '0', 'device_upgrade_list', null, null);
INSERT INTO `app_menu` VALUES ('49', '46', '回退记录', '回退记录', 'RollbackRecord', '1', null, '2', '3', '', null, '.46.49.', '1', '0', '0', 'device_rollback_list', null, null);
INSERT INTO `app_menu` VALUES ('54', '', '基础数据', '基础', 'Basic_data', '0', null, '1', '9', 'icon-jichushuju', null, '.54.', '1', '8', '0', '', null, null);
INSERT INTO `app_menu` VALUES ('55', '54', '接入点管理', '接入点管理', 'AccessPoint_menu', '1', null, '2', '1', '', null, '.54.55.', '1', '0', '0', 'accPointRes_list', null, null);
INSERT INTO `app_menu` VALUES ('56', '54', '基地管理', '基地管理', 'Base_data', '1', null, '2', '2', '', null, '.54.56.', '1', '0', '0', 'factory_manage', null, null);
INSERT INTO `app_menu` VALUES ('57', '54', '设备类型管理', '设备类型管理', 'Device_Type', '1', null, '2', '3', '', null, '.54.57.', '1', '0', '0', 'equipType_list', null, null);
INSERT INTO `app_menu` VALUES ('60', '', '日志', '日志', 'Log', '0', null, '1', '4', 'icon-rizhiguanli', null, '.60.', '1', '8', '0', '', null, null);
INSERT INTO `app_menu` VALUES ('61', '60', '接口日志', '接口日志', 'APILog', '1', null, '2', '1', '', null, '.60.61.', '1', '0', '0', 'interface_log_list', null, null);
INSERT INTO `app_menu` VALUES ('62', '60', '操作日志', '操作日志', 'Operate', '1', null, '2', '2', '', null, '.60.62.', '1', '0', '0', 'operation_log_list', null, null);
INSERT INTO `app_menu` VALUES ('63', '60', '设备交互日志', '设备交互日志', 'DeviceExchangeLog', '1', null, '2', '3', '', null, '.60.63.', '1', '0', '0', 'device_exchange_log_list', null, null);
INSERT INTO `app_menu` VALUES ('64', '46', '更新管理', '更新管理', 'UpdatePackage', '1', null, '2', '1', '', null, '.46.64.', '1', '0', '0', 'update_package_manager', null, null);
INSERT INTO `app_menu` VALUES ('65', '54', '预警规则', '预警规则', 'Alarm_Rule', '1', null, '2', '4', '', null, '.54.65.', '1', '0', '0', 'alarm_rule_list', null, null);
INSERT INTO `app_menu` VALUES ('66', '54', '预警事件', '预警事件', 'Alarm_Event', '1', null, '2', '5', '', null, '.54.66.', '1', '0', '0', 'alarm_event_list', null, null);
INSERT INTO `app_menu` VALUES ('67', '54', '日志删除规则', '日志删除规则', 'Log_Delete_Rule', '1', null, '2', '6', '', null, '.54.67.', '1', '0', '0', 'log_delete_rule_list', null, null);
INSERT INTO `app_menu` VALUES ('68', '60', '登录日志', '登录日志', 'loginLog', '1', null, '2', '4', '', null, '.60.68.', '1', '0', '0', 'deviceloginLog_query', null, null);
INSERT INTO `app_menu` VALUES ('69', '60', 'PLC交互日志', 'PLC交互日志', 'plcLog', '1', null, '2', '5', '', null, '.60.69.', '1', '0', '0', 'plc_log_list', null, null);
INSERT INTO `app_menu` VALUES ('70', '60', 'RFID交互日志', 'RFID交互日志', 'rfidLog', '1', null, '2', '6', '', null, '.60.70.', '1', '0', '0', 'rfid_log_list', null, null);
INSERT INTO `app_menu` VALUES ('71', '60', 'MES交互日志', 'MES交互日志', 'mesLog', '1', null, '2', '7', '', null, '.60.71.', '1', '0', '0', 'mes_log_list', null, null);
INSERT INTO `app_menu` VALUES ('72', '60', '异常日志', '异常日志', 'abnLog', '1', null, '2', '8', '', null, '.60.72.', '1', '0', '0', 'abn_log_list', null, null);
INSERT INTO `app_menu` VALUES ('73', '54', '系统文件', '系统文件', 'SystemFile', '1', null, '2', '7', '', null, '.54.73.', '1', '0', '0', 'about_system', null, null);
INSERT INTO `app_menu` VALUES ('74', '1', '组织管理', '组织管理', 'organize', '1', null, '2', '1', '', null, '.1.74.', '1', '0', '0', 'organize', null, null);

-- 编码规则数据
INSERT INTO `base_coding_serialnumber` VALUES ('1', 'gxCod', '4', '1', '24', '备注', 'gxCod', '更新包单号', '{N}', 'WFprocess', 'GX-{Y}{M}{D}-');
INSERT INTO `base_coding_serialnumber` VALUES ('2', 'sbCod', '4', '1', '17', '备注', 'sbCod', '设备流水', '{N}', 'WFprocess', '_');
INSERT INTO `base_coding_serialnumber` VALUES ('3', 'jdCod', '4', '1', '1', '备注', 'jdCod', '基地编号', '{N}', 'WFprocess', 'CS-');
INSERT INTO `base_coding_serialnumber` VALUES ('4', 'gcCod', '4', '1', '4', '备注', 'gcCod', '工厂编号', '{N}', 'WFprocess', 'F-');
INSERT INTO `base_coding_serialnumber` VALUES ('5', 'gxpCod', '4', '1', '12', '备注', 'gxpCod', '工序编号', '{N}', 'WFprocess', 'P-');
INSERT INTO `base_coding_serialnumber` VALUES ('6', 'jrdCod', '4', '1', '12', '备注', 'jrdCod', '接入点编号', '{N}', 'WFprocess', 'A-');


-- 角色权限表
INSERT INTO `cap_party_auth` VALUES ('role', 'admin', 'user', '9', null, 'sysadmin', '2023-02-22 11:07:01');
INSERT INTO `cap_party_auth` VALUES ('role', 'sysadmin', 'user', '1', 'default', 'sysadmin', '2013-03-16 12:00:37');

-- 角色资源表
INSERT INTO `cap_res_auth` VALUES ('1', 'role', 'abn_log_list', 'function', null, '1', null, null, '2023-02-22 11:12:22');
INSERT INTO `cap_res_auth` VALUES ('1', 'role', 'abn_pro_prcs_list', 'function', null, '1', null, null, '2023-02-22 11:12:22');
INSERT INTO `cap_res_auth` VALUES ('1', 'role', 'about_system', 'function', null, '1', null, null, '2023-02-22 11:12:22');
INSERT INTO `cap_res_auth` VALUES ('1', 'role', 'accPointRes_list', 'function', null, '1', null, null, '2023-02-22 11:12:22');
INSERT INTO `cap_res_auth` VALUES ('1', 'role', 'alarmEvent_delete', 'function', null, '1', null, null, '2023-02-22 11:12:22');
INSERT INTO `cap_res_auth` VALUES ('1', 'role', 'alarmRule_delete', 'function', null, '1', null, null, '2023-02-22 11:12:22');
INSERT INTO `cap_res_auth` VALUES ('1', 'role', 'alarm_event_add', 'function', null, '1', null, null, '2023-02-22 11:12:22');
INSERT INTO `cap_res_auth` VALUES ('1', 'role', 'alarm_event_edit', 'function', null, '1', null, null, '2023-02-22 11:12:22');
INSERT INTO `cap_res_auth` VALUES ('1', 'role', 'alarm_event_list', 'function', null, '1', null, null, '2023-02-22 11:12:22');
INSERT INTO `cap_res_auth` VALUES ('1', 'role', 'alarm_rule_add', 'function', null, '1', null, null, '2023-02-22 11:12:22');
INSERT INTO `cap_res_auth` VALUES ('1', 'role', 'alarm_rule_edit', 'function', null, '1', null, null, '2023-02-22 11:12:22');
INSERT INTO `cap_res_auth` VALUES ('1', 'role', 'alarm_rule_list', 'function', null, '1', null, null, '2023-02-22 11:12:22');
INSERT INTO `cap_res_auth` VALUES ('1', 'role', 'application_add', 'function', null, '1', null, null, '2023-02-22 11:12:22');
INSERT INTO `cap_res_auth` VALUES ('1', 'role', 'application_edit', 'function', null, '1', null, null, '2023-02-22 11:12:22');
INSERT INTO `cap_res_auth` VALUES ('1', 'role', 'application_manager', 'function', null, '1', null, null, '2023-02-22 11:12:22');
INSERT INTO `cap_res_auth` VALUES ('1', 'role', 'appliction_delete', 'function', null, '1', null, null, '2023-02-22 11:12:22');
INSERT INTO `cap_res_auth` VALUES ('1', 'role', 'blanking_list', 'function', null, '1', null, null, '2023-02-22 11:12:22');
INSERT INTO `cap_res_auth` VALUES ('1', 'role', 'deviceloginLog_query', 'function', null, '1', null, null, '2023-02-22 11:12:22');
INSERT INTO `cap_res_auth` VALUES ('1', 'role', 'device_abnormal_warn', 'function', null, '1', null, null, '2023-02-22 11:12:22');
INSERT INTO `cap_res_auth` VALUES ('1', 'role', 'device_edit', 'function', null, '1', null, null, '2023-02-22 11:12:22');
INSERT INTO `cap_res_auth` VALUES ('1', 'role', 'device_exchange_log_list', 'function', null, '1', null, null, '2023-02-22 11:12:22');
INSERT INTO `cap_res_auth` VALUES ('1', 'role', 'device_list', 'function', null, '1', null, null, '2023-02-22 11:12:22');
INSERT INTO `cap_res_auth` VALUES ('1', 'role', 'device_regist', 'function', null, '1', null, null, '2023-02-22 11:12:22');
INSERT INTO `cap_res_auth` VALUES ('1', 'role', 'device_rollback_list', 'function', null, '1', null, null, '2023-02-22 11:12:22');
INSERT INTO `cap_res_auth` VALUES ('1', 'role', 'device_status', 'function', null, '1', null, null, '2023-02-22 11:12:22');
INSERT INTO `cap_res_auth` VALUES ('1', 'role', 'device_upgrade_list', 'function', null, '1', null, null, '2023-02-22 11:12:22');
INSERT INTO `cap_res_auth` VALUES ('1', 'role', 'dict_manager', 'function', null, '1', null, null, '2023-02-22 11:12:22');
INSERT INTO `cap_res_auth` VALUES ('1', 'role', 'equipment_access _status', 'function', null, '1', null, null, '2023-02-22 11:12:22');
INSERT INTO `cap_res_auth` VALUES ('1', 'role', 'equipment_add', 'function', null, '1', null, null, '2023-02-22 11:12:22');
INSERT INTO `cap_res_auth` VALUES ('1', 'role', 'equipment_delete', 'function', null, '1', null, null, '2023-02-22 11:12:22');
INSERT INTO `cap_res_auth` VALUES ('1', 'role', 'equipment_edit', 'function', null, '1', null, null, '2023-02-22 11:12:22');
INSERT INTO `cap_res_auth` VALUES ('1', 'role', 'equipment_list', 'function', null, '1', null, null, '2023-02-22 11:12:22');
INSERT INTO `cap_res_auth` VALUES ('1', 'role', 'equipType_list', 'function', null, '1', null, null, '2023-02-22 11:12:22');
INSERT INTO `cap_res_auth` VALUES ('1', 'role', 'factory_manage', 'function', null, '1', null, null, '2023-02-22 11:12:22');
INSERT INTO `cap_res_auth` VALUES ('1', 'role', 'feeding_list', 'function', null, '1', null, null, '2023-02-22 11:12:22');
INSERT INTO `cap_res_auth` VALUES ('1', 'role', 'funcgroup_add', 'function', null, '1', null, null, '2023-02-22 11:12:22');
INSERT INTO `cap_res_auth` VALUES ('1', 'role', 'funcgroup_edit', 'function', null, '1', null, null, '2023-02-22 11:12:22');
INSERT INTO `cap_res_auth` VALUES ('1', 'role', 'function_add', 'function', null, '1', null, null, '2023-02-22 11:12:22');
INSERT INTO `cap_res_auth` VALUES ('1', 'role', 'function_delete', 'function', null, '1', null, null, '2023-02-22 11:12:22');
INSERT INTO `cap_res_auth` VALUES ('1', 'role', 'function_edit', 'function', null, '1', null, null, '2023-02-22 11:12:22');
INSERT INTO `cap_res_auth` VALUES ('1', 'role', 'function_list', 'function', null, '1', null, null, '2023-02-22 11:12:22');
INSERT INTO `cap_res_auth` VALUES ('1', 'role', 'function_role_auth', 'function', null, '1', null, null, '2023-02-22 11:12:22');
INSERT INTO `cap_res_auth` VALUES ('1', 'role', 'func_group_delete', 'function', null, '1', null, null, '2023-02-22 11:12:22');
INSERT INTO `cap_res_auth` VALUES ('1', 'role', 'func_group_list', 'function', null, '1', null, null, '2023-02-22 11:12:22');
INSERT INTO `cap_res_auth` VALUES ('1', 'role', 'interface_log_list', 'function', null, '1', null, null, '2023-02-22 11:12:22');
INSERT INTO `cap_res_auth` VALUES ('1', 'role', 'logoutDevice', 'function', null, '1', null, null, '2023-02-22 11:12:22');
INSERT INTO `cap_res_auth` VALUES ('1', 'role', 'log_delete_rule_list', 'function', null, '1', null, null, '2023-02-22 11:12:22');
INSERT INTO `cap_res_auth` VALUES ('1', 'role', 'menu_add', 'function', null, '1', null, null, '2023-02-22 11:12:22');
INSERT INTO `cap_res_auth` VALUES ('1', 'role', 'menu_delete', 'function', null, '1', null, null, '2023-02-22 11:12:22');
INSERT INTO `cap_res_auth` VALUES ('1', 'role', 'menu_edit', 'function', null, '1', null, null, '2023-02-22 11:12:22');
INSERT INTO `cap_res_auth` VALUES ('1', 'role', 'menu_manage', 'function', null, '1', null, null, '2023-02-22 11:12:22');
INSERT INTO `cap_res_auth` VALUES ('1', 'role', 'mes_log_list', 'function', null, '1', null, null, '2023-02-22 11:12:22');
INSERT INTO `cap_res_auth` VALUES ('1', 'role', 'operation_log_list', 'function', null, '1', null, null, '2023-02-22 11:12:22');
INSERT INTO `cap_res_auth` VALUES ('1', 'role', 'organize', 'function', null, '1', null, null, '2023-02-22 11:12:22');
INSERT INTO `cap_res_auth` VALUES ('1', 'role', 'plc_add', 'function', null, '1', null, null, '2023-02-22 11:12:22');
INSERT INTO `cap_res_auth` VALUES ('1', 'role', 'plc_delete', 'function', null, '1', null, null, '2023-02-22 11:12:22');
INSERT INTO `cap_res_auth` VALUES ('1', 'role', 'plc_log_list', 'function', null, '1', null, null, '2023-02-22 11:12:22');
INSERT INTO `cap_res_auth` VALUES ('1', 'role', 'plc_update', 'function', null, '1', null, null, '2023-02-22 11:12:22');
INSERT INTO `cap_res_auth` VALUES ('1', 'role', 'PointDispose', 'function', null, '1', null, null, '2023-02-22 11:12:22');
INSERT INTO `cap_res_auth` VALUES ('1', 'role', 'reset_password', 'function', null, '1', null, null, '2023-02-22 11:12:22');
INSERT INTO `cap_res_auth` VALUES ('1', 'role', 'RFID_add', 'function', null, '1', null, null, '2023-02-22 11:12:22');
INSERT INTO `cap_res_auth` VALUES ('1', 'role', 'RFID_delete', 'function', null, '1', null, null, '2023-02-22 11:12:22');
INSERT INTO `cap_res_auth` VALUES ('1', 'role', 'rfid_log_list', 'function', null, '1', null, null, '2023-02-22 11:12:22');
INSERT INTO `cap_res_auth` VALUES ('1', 'role', 'rfid_read_list', 'function', null, '1', null, null, '2023-02-22 11:12:22');
INSERT INTO `cap_res_auth` VALUES ('1', 'role', 'RFID_update', 'function', null, '1', null, null, '2023-02-22 11:12:22');
INSERT INTO `cap_res_auth` VALUES ('1', 'role', 'role_add', 'function', null, '1', null, null, '2023-02-22 11:12:22');
INSERT INTO `cap_res_auth` VALUES ('1', 'role', 'role_auth', 'function', null, '1', null, null, '2023-02-22 11:12:22');
INSERT INTO `cap_res_auth` VALUES ('1', 'role', 'role_delete', 'function', null, '1', null, null, '2023-02-22 11:12:22');
INSERT INTO `cap_res_auth` VALUES ('1', 'role', 'role_manager', 'function', null, '1', null, null, '2023-02-22 11:12:22');
INSERT INTO `cap_res_auth` VALUES ('1', 'role', 'role_update', 'function', null, '1', null, null, '2023-02-22 11:12:22');
INSERT INTO `cap_res_auth` VALUES ('1', 'role', 'select_version', 'function', null, '1', null, null, '2023-02-22 11:12:22');
INSERT INTO `cap_res_auth` VALUES ('1', 'role', 'serviceDictionary_add', 'function', null, '1', null, null, '2023-02-22 11:12:22');
INSERT INTO `cap_res_auth` VALUES ('1', 'role', 'serviceDictionary_delete', 'function', null, '1', null, null, '2023-02-22 11:12:22');
INSERT INTO `cap_res_auth` VALUES ('1', 'role', 'serviceDictionary_query', 'function', null, '1', null, null, '2023-02-22 11:12:22');
INSERT INTO `cap_res_auth` VALUES ('1', 'role', 'serviceDictionary_update', 'function', null, '1', null, null, '2023-02-22 11:12:22');
INSERT INTO `cap_res_auth` VALUES ('1', 'role', 'software_runtime_status', 'function', null, '1', null, null, '2023-02-22 11:12:22');
INSERT INTO `cap_res_auth` VALUES ('1', 'role', 'system_monitor_warn', 'function', null, '1', null, null, '2023-02-22 11:12:22');
INSERT INTO `cap_res_auth` VALUES ('1', 'role', 'update_package_manager', 'function', null, '1', null, null, '2023-02-22 11:12:22');
INSERT INTO `cap_res_auth` VALUES ('1', 'role', 'update_package_uploads', 'function', null, '1', null, null, '2023-02-22 11:12:22');
INSERT INTO `cap_res_auth` VALUES ('1', 'role', 'user_add', 'function', null, '1', null, null, '2023-02-22 11:12:22');
INSERT INTO `cap_res_auth` VALUES ('1', 'role', 'user_delete', 'function', null, '1', null, null, '2023-02-22 11:12:22');
INSERT INTO `cap_res_auth` VALUES ('1', 'role', 'user_list', 'function', null, '1', null, null, '2023-02-22 11:12:22');
INSERT INTO `cap_res_auth` VALUES ('1', 'role', 'user_update', 'function', null, '1', null, null, '2023-02-22 11:12:22');
INSERT INTO `cap_res_auth` VALUES ('3', 'role', 'user_add', 'function', null, '1', null, null, '2023-02-13 16:49:51');
INSERT INTO `cap_res_auth` VALUES ('9', 'role', 'abn_log_list', 'function', null, '1', null, null, '2023-02-22 11:03:03');
INSERT INTO `cap_res_auth` VALUES ('9', 'role', 'abn_pro_prcs_list', 'function', null, '1', null, null, '2023-02-22 11:03:03');
INSERT INTO `cap_res_auth` VALUES ('9', 'role', 'about_system', 'function', null, '1', null, null, '2023-02-22 11:03:03');
INSERT INTO `cap_res_auth` VALUES ('9', 'role', 'accPointRes_list', 'function', null, '1', null, null, '2023-02-22 11:03:03');
INSERT INTO `cap_res_auth` VALUES ('9', 'role', 'alarmEvent_delete', 'function', null, '1', null, null, '2023-02-22 11:03:03');
INSERT INTO `cap_res_auth` VALUES ('9', 'role', 'alarmRule_delete', 'function', null, '1', null, null, '2023-02-22 11:03:03');
INSERT INTO `cap_res_auth` VALUES ('9', 'role', 'alarm_event_add', 'function', null, '1', null, null, '2023-02-22 11:03:03');
INSERT INTO `cap_res_auth` VALUES ('9', 'role', 'alarm_event_edit', 'function', null, '1', null, null, '2023-02-22 11:03:03');
INSERT INTO `cap_res_auth` VALUES ('9', 'role', 'alarm_event_list', 'function', null, '1', null, null, '2023-02-22 11:03:03');
INSERT INTO `cap_res_auth` VALUES ('9', 'role', 'alarm_rule_add', 'function', null, '1', null, null, '2023-02-22 11:03:03');
INSERT INTO `cap_res_auth` VALUES ('9', 'role', 'alarm_rule_edit', 'function', null, '1', null, null, '2023-02-22 11:03:03');
INSERT INTO `cap_res_auth` VALUES ('9', 'role', 'alarm_rule_list', 'function', null, '1', null, null, '2023-02-22 11:03:03');
INSERT INTO `cap_res_auth` VALUES ('9', 'role', 'blanking_list', 'function', null, '1', null, null, '2023-02-22 11:03:03');
INSERT INTO `cap_res_auth` VALUES ('9', 'role', 'deviceloginLog_query', 'function', null, '1', null, null, '2023-02-22 11:03:03');
INSERT INTO `cap_res_auth` VALUES ('9', 'role', 'device_abnormal_warn', 'function', null, '1', null, null, '2023-02-22 11:03:03');
INSERT INTO `cap_res_auth` VALUES ('9', 'role', 'device_edit', 'function', null, '1', null, null, '2023-02-22 11:03:03');
INSERT INTO `cap_res_auth` VALUES ('9', 'role', 'device_exchange_log_list', 'function', null, '1', null, null, '2023-02-22 11:03:03');
INSERT INTO `cap_res_auth` VALUES ('9', 'role', 'device_list', 'function', null, '1', null, null, '2023-02-22 11:03:03');
INSERT INTO `cap_res_auth` VALUES ('9', 'role', 'device_regist', 'function', null, '1', null, null, '2023-02-22 11:03:03');
INSERT INTO `cap_res_auth` VALUES ('9', 'role', 'device_rollback_list', 'function', null, '1', null, null, '2023-02-22 11:03:03');
INSERT INTO `cap_res_auth` VALUES ('9', 'role', 'device_status', 'function', null, '1', null, null, '2023-02-22 11:03:03');
INSERT INTO `cap_res_auth` VALUES ('9', 'role', 'device_upgrade_list', 'function', null, '1', null, null, '2023-02-22 11:03:03');
INSERT INTO `cap_res_auth` VALUES ('9', 'role', 'equipment_access _status', 'function', null, '1', null, null, '2023-02-22 11:03:03');
INSERT INTO `cap_res_auth` VALUES ('9', 'role', 'equipment_add', 'function', null, '1', null, null, '2023-02-22 11:03:03');
INSERT INTO `cap_res_auth` VALUES ('9', 'role', 'equipment_delete', 'function', null, '1', null, null, '2023-02-22 11:03:03');
INSERT INTO `cap_res_auth` VALUES ('9', 'role', 'equipment_edit', 'function', null, '1', null, null, '2023-02-22 11:03:03');
INSERT INTO `cap_res_auth` VALUES ('9', 'role', 'equipment_list', 'function', null, '1', null, null, '2023-02-22 11:03:03');
INSERT INTO `cap_res_auth` VALUES ('9', 'role', 'equipType_list', 'function', null, '1', null, null, '2023-02-22 11:03:03');
INSERT INTO `cap_res_auth` VALUES ('9', 'role', 'factory_manage', 'function', null, '1', null, null, '2023-02-22 11:03:03');
INSERT INTO `cap_res_auth` VALUES ('9', 'role', 'feeding_list', 'function', null, '1', null, null, '2023-02-22 11:03:03');
INSERT INTO `cap_res_auth` VALUES ('9', 'role', 'interface_log_list', 'function', null, '1', null, null, '2023-02-22 11:03:03');
INSERT INTO `cap_res_auth` VALUES ('9', 'role', 'logoutDevice', 'function', null, '1', null, null, '2023-02-22 11:03:03');
INSERT INTO `cap_res_auth` VALUES ('9', 'role', 'log_delete_rule_list', 'function', null, '1', null, null, '2023-02-22 11:03:03');
INSERT INTO `cap_res_auth` VALUES ('9', 'role', 'mes_log_list', 'function', null, '1', null, null, '2023-02-22 11:03:03');
INSERT INTO `cap_res_auth` VALUES ('9', 'role', 'operation_log_list', 'function', null, '1', null, null, '2023-02-22 11:03:03');
INSERT INTO `cap_res_auth` VALUES ('9', 'role', 'plc_log_list', 'function', null, '1', null, null, '2023-02-22 11:03:03');
INSERT INTO `cap_res_auth` VALUES ('9', 'role', 'rfid_log_list', 'function', null, '1', null, null, '2023-02-22 11:03:03');
INSERT INTO `cap_res_auth` VALUES ('9', 'role', 'rfid_read_list', 'function', null, '1', null, null, '2023-02-22 11:03:03');
INSERT INTO `cap_res_auth` VALUES ('9', 'role', 'select_version', 'function', null, '1', null, null, '2023-02-22 11:03:03');
INSERT INTO `cap_res_auth` VALUES ('9', 'role', 'software_runtime_status', 'function', null, '1', null, null, '2023-02-22 11:03:03');
INSERT INTO `cap_res_auth` VALUES ('9', 'role', 'system_monitor_warn', 'function', null, '1', null, null, '2023-02-22 11:03:03');
INSERT INTO `cap_res_auth` VALUES ('9', 'role', 'update_package_manager', 'function', null, '1', null, null, '2023-02-22 11:03:03');
INSERT INTO `cap_res_auth` VALUES ('9', 'role', 'update_package_uploads', 'function', null, '1', null, null, '2023-02-22 11:03:03');

-- 角色表
INSERT INTO `cap_role` VALUES ('1', 'sysadmin', '系统管理员', '系统管理员', '', '2022-12-09 11:19:12');
INSERT INTO `cap_role` VALUES ('9', 'OaMI', '运维实施', '', null, null);

-- 用户表
INSERT INTO `cap_user` VALUES ('1', 'default', 'sysadmin', 'k2xvHUmCHWw=', '2028-06-10', '系统管理员', 'local', '102', '2013-03-16 11:58:31', 'default', '2013-03-16 11:58:31', null, null, null, null, null, null, null, 'sysadmin', '2013-03-16 11:58:31', '101', null, null, null, null);
INSERT INTO `cap_user` VALUES ('2', null, 'admin', 'k2xvHUmCHWw=', '2029-02-22', '测试实施', null, '102', '2023-02-22 11:06:45', null, '2023-02-22 11:06:45', '0', '2023-02-22', '2024-03-14', null, null, null, '', 'sysadmin', '2023-02-22 11:06:45', '101', '', '', 'sysadmin', '2023-02-22 14:21:49');

-- 业务字典类型表
INSERT INTO `dict_type` VALUES ('ACCESS_METHOD', '接入方式', '5', 'UPDATESTRATEGY', '.DEVICE_SOFTWARE_TYPE.TIME_UNIT.ISMAINVERSION.UPDATESTRATEGY.ACCESS_METHOD.');
INSERT INTO `dict_type` VALUES ('ACCESS_TYPE', '接入类型', '1', '', '.ACCESS_TYPE.');
INSERT INTO `dict_type` VALUES ('ANTENNA_TYPE', '天线状态', '1', '', '.ANTENNA_TYPE.');
INSERT INTO `dict_type` VALUES ('API_TYPE', '接口类型', '1', '', '.API_TYPE.');
INSERT INTO `dict_type` VALUES ('CALCULATE_METHOD', '数据计算方法', '7', 'NUM_TYPE', '.DEVICE_SOFTWARE_TYPE.TIME_UNIT.ISMAINVERSION.UPDATESTRATEGY.ACCESS_METHOD.NUM_TYPE.CALCULATE_METHOD.');
INSERT INTO `dict_type` VALUES ('CODE_SUFFIX', '编码后缀', '2', 'FUNCTION_ID', '.FUNCTION_ID.CODE_SUFFIX.');
INSERT INTO `dict_type` VALUES ('COF_APPTYPE', '应用类型', '1', null, '.COF_APPTYPE.');
INSERT INTO `dict_type` VALUES ('COF_AUTHMODE', '认证模式', '1', null, '.COF_AUTHMODE.');
INSERT INTO `dict_type` VALUES ('COF_EMPLEVEL', '人员级别', '1', null, '.COF_EMPLEVEL.');
INSERT INTO `dict_type` VALUES ('COF_EMPSTATUS', '人员状态', '1', null, '.COF_EMPSTATUS.');
INSERT INTO `dict_type` VALUES ('COF_FUNCTYPE', '功能类型', '1', null, '.COF_FUNCTYPE.');
INSERT INTO `dict_type` VALUES ('COF_GENDER', '性别', '1', null, '.COF_GENDER.');
INSERT INTO `dict_type` VALUES ('COF_LAYOUTSTYLE', '菜单风格', '1', null, '.COF_LAYOUTSTYLE.');
INSERT INTO `dict_type` VALUES ('COF_OPERSTATUS', '操作员状态', '1', null, '.COF_OPERSTATUS.');
INSERT INTO `dict_type` VALUES ('COF_ORGDEGREE', '机构等级', '1', '', '.COF_ORGDEGREE.');
INSERT INTO `dict_type` VALUES ('COF_ORGSTATUS', '机构状态', '1', '', '.COF_ORGSTATUS.');
INSERT INTO `dict_type` VALUES ('COF_ORGTYPE', '机构类型', '1', '', '.COF_ORGTYPE.');
INSERT INTO `dict_type` VALUES ('COF_SKINLAYOUT', '菜单布局', '1', null, '.COF_SKINLAYOUT.');
INSERT INTO `dict_type` VALUES ('COF_USERSTATUS', '用户状态', '1', null, '.COF_USERSTATUS.');
INSERT INTO `dict_type` VALUES ('COF_YESORNO', '开关', '1', null, '.COF_YESORNO.');
INSERT INTO `dict_type` VALUES ('DATA_TYPE', '数据类型', '1', '', '.DATA_TYPE.');
INSERT INTO `dict_type` VALUES ('DES_APP_TYPE', '应用设计类型', '1', null, '.DES_APP_TYPE.');
INSERT INTO `dict_type` VALUES ('DEVICE_SOFTWARE_STATUS', '终端软件运行状态', '1', '', '.DEVICE_SOFTWARE_STATUS.');
INSERT INTO `dict_type` VALUES ('DEVICE_SOFTWARE_TYPE', '终端软件类型', '1', '', '.DEVICE_SOFTWARE_TYPE.');
INSERT INTO `dict_type` VALUES ('DISPOSE_RESULT', '处理结果', '1', '', '.DISPOSE_RESULT.');
INSERT INTO `dict_type` VALUES ('EQUIPMENT_ACCESS_STATUS', '设备接入状态', '1', '', '.EQUIPMENT_ACCESS_STATUS.');
INSERT INTO `dict_type` VALUES ('EQUIPMENT_PROPERTY', '设备类型', '1', '', '.EQUIPMENT_PROPERTY.');
INSERT INTO `dict_type` VALUES ('FileStatus', '配置文件状态', '1', '', '.FileStatus.');
INSERT INTO `dict_type` VALUES ('FUNCTION_ID', '功能ID', '1', null, '.FUNCTION_ID.');
INSERT INTO `dict_type` VALUES ('GROUP_TYPE', '组别类型', '2', 'DEVICE_SOFTWARE_TYPE', '.DEVICE_SOFTWARE_TYPE.GROUP_TYPE.');
INSERT INTO `dict_type` VALUES ('ISMAINVERSION', '是否为主版本', '3', 'TIME_UNIT', '.DEVICE_SOFTWARE_TYPE.TIME_UNIT.ISMAINVERSION.');
INSERT INTO `dict_type` VALUES ('IS_END', '是否完工', '1', '', '.IS_END.');
INSERT INTO `dict_type` VALUES ('IS_USE', '是否启用', '1', '', '.IS_USE.');
INSERT INTO `dict_type` VALUES ('LOG_DELETE_RULE_TYPE', '日志删除规则类型', '1', '', '.LOG_DELETE_RULE_TYPE.');
INSERT INTO `dict_type` VALUES ('LOG_RESULT', '返回日志结果', '1', null, '.LOG_RESULT.');
INSERT INTO `dict_type` VALUES ('LOG_STATUS', '日志状态', '1', '', '.LOG_STATUS.');
INSERT INTO `dict_type` VALUES ('LOG_TYPE', '日志类型', '1', null, '.LOG_TYPE.');
INSERT INTO `dict_type` VALUES ('numbasis', '递增依据', '1', null, '.numbasis.');
INSERT INTO `dict_type` VALUES ('NUM_TYPE', '数量类型', '6', 'ACCESS_METHOD', '.DEVICE_SOFTWARE_TYPE.TIME_UNIT.ISMAINVERSION.UPDATESTRATEGY.ACCESS_METHOD.NUM_TYPE.');
INSERT INTO `dict_type` VALUES ('OPERATE_RESULT', '操作结果', '1', '', '.OPERATE_RESULT.');
INSERT INTO `dict_type` VALUES ('OPERATE_TYPE', '操作类型', '1', '', '.OPERATE_TYPE.');
INSERT INTO `dict_type` VALUES ('PERFORM_STEP', '执行步骤', '1', '', '.PERFORM_STEP.');
INSERT INTO `dict_type` VALUES ('REGISTER_STATUS', '注册状态', '1', '', '.REGISTER_STATUS.');
INSERT INTO `dict_type` VALUES ('Rollback', '回退状态', '1', '', '.Rollback.');
INSERT INTO `dict_type` VALUES ('SOFTWARE_TYPE', '软件类型', '1', '', '.SOFTWARE_TYPE.');
INSERT INTO `dict_type` VALUES ('SOURCE', '来源', '1', '', '.SOURCE.');
INSERT INTO `dict_type` VALUES ('TIME_UNIT', '单位', '2', 'DEVICE_SOFTWARE_TYPE', '.DEVICE_SOFTWARE_TYPE.TIME_UNIT.');
INSERT INTO `dict_type` VALUES ('UPDATESTRATEGY', '更新策略', '4', 'ISMAINVERSION', '.DEVICE_SOFTWARE_TYPE.TIME_UNIT.ISMAINVERSION.UPDATESTRATEGY.');
INSERT INTO `dict_type` VALUES ('UPDATE_STATUS', '升级状态', '2', 'REGISTER_STATUS', '.REGISTER_STATUS.UPDATE_STATUS.');
INSERT INTO `dict_type` VALUES ('USER_TYPE', '用户类型', '1', '', '.USER_TYPE.');
INSERT INTO `dict_type` VALUES ('USE_PROCESS', '使用工序', '1', '', '.USE_PROCESS.');
INSERT INTO `dict_type` VALUES ('WARNING_LEVEL', '预警级别', '1', '', '.WARNING_LEVEL.');
INSERT INTO `dict_type` VALUES ('WRANING_TYPE', '预警类型', '1', '', '.WRANING_TYPE.');

-- 业务字典
INSERT INTO `dict_entry` VALUES ('ACCESS_METHOD', '101', 'API接入', '0', '1', '1', '', '.101.', null, null);
INSERT INTO `dict_entry` VALUES ('ACCESS_TYPE', '101', 'PLC', '0', '1', '1', '', '.101.', null, null);
INSERT INTO `dict_entry` VALUES ('ACCESS_TYPE', '102', 'RFID', '0', '2', '1', '', '.102.', null, null);
INSERT INTO `dict_entry` VALUES ('ANTENNA_TYPE', '101', '正常', '0', '1', '1', '', '.101.', null, null);
INSERT INTO `dict_entry` VALUES ('ANTENNA_TYPE', '102', '异常', '0', '2', '1', '', '.102.', null, null);
INSERT INTO `dict_entry` VALUES ('API_TYPE', '101', '内部接口', '0', '1', '1', '', '.101.', null, null);
INSERT INTO `dict_entry` VALUES ('API_TYPE', '102', '对外接口', '0', '2', '1', '', '.102.', null, null);
INSERT INTO `dict_entry` VALUES ('CODE_SUFFIX', 'YYYYMMDD-4D', 'YYYYMMDD-4D', '1', '1', '1', null, '.YYYYMMDD-4D.', null, null);
INSERT INTO `dict_entry` VALUES ('COF_APPTYPE', '0', '本地', '0', '1', '1', '', '.0.', null, null);
INSERT INTO `dict_entry` VALUES ('COF_APPTYPE', '1', '远程', '0', '2', '1', '', '.1.', null, null);
INSERT INTO `dict_entry` VALUES ('COF_AUTHMODE', 'ldap', 'LDAP认证', '1', '2', '1', null, '.ldap.', null, null);
INSERT INTO `dict_entry` VALUES ('COF_AUTHMODE', 'local', '本地密码认证', '1', '1', '1', null, '.local.', null, null);
INSERT INTO `dict_entry` VALUES ('COF_AUTHMODE', 'portal', 'Portal认证', '1', '4', '1', null, '.portal.', null, null);
INSERT INTO `dict_entry` VALUES ('COF_AUTHMODE', 'remote', '远程认证', '1', '3', '1', null, '.remote.', null, null);
INSERT INTO `dict_entry` VALUES ('COF_EMPLEVEL', 'level1', '级别1', '1', '1', '1', null, '.level1.', null, null);
INSERT INTO `dict_entry` VALUES ('COF_EMPLEVEL', 'level2', '级别2', '1', '2', '1', null, '.level2.', null, null);
INSERT INTO `dict_entry` VALUES ('COF_EMPLEVEL', 'level3', '级别3', '1', '3', '1', null, '.level3.', null, null);
INSERT INTO `dict_entry` VALUES ('COF_EMPSTATUS', 'leave', '离职', '1', '4', '1', null, '.leave.', null, null);
INSERT INTO `dict_entry` VALUES ('COF_EMPSTATUS', 'off', '退休', '1', '3', '1', null, '.off.', null, null);
INSERT INTO `dict_entry` VALUES ('COF_EMPSTATUS', 'on', '在岗', '1', '1', '1', null, '.on.', null, null);
INSERT INTO `dict_entry` VALUES ('COF_EMPSTATUS', 'wait', '待岗', '1', '2', '1', null, '.wait.', null, null);
INSERT INTO `dict_entry` VALUES ('COF_FUNCTYPE', 'flow', '页面流', '1', '1', '1', null, '.flow.', null, null);
INSERT INTO `dict_entry` VALUES ('COF_FUNCTYPE', 'form', '表单', '1', '3', '1', null, '.form.', null, null);
INSERT INTO `dict_entry` VALUES ('COF_FUNCTYPE', 'other', '其他', '1', '6', '1', null, '.other.', null, null);
INSERT INTO `dict_entry` VALUES ('COF_FUNCTYPE', 'page', '页面', '1', '2', '1', null, '.page.', null, null);
INSERT INTO `dict_entry` VALUES ('COF_FUNCTYPE', 'startprocess', '启动流程', '1', '5', '1', null, '.startprocess.', null, null);
INSERT INTO `dict_entry` VALUES ('COF_FUNCTYPE', 'view', '视图', '1', '4', '1', null, '.view.', null, null);
INSERT INTO `dict_entry` VALUES ('COF_OPERSTATUS', 'stop', '不正常', '1', '2', '1', null, '.stop.', null, null);
INSERT INTO `dict_entry` VALUES ('COF_ORGDEGREE', '101', '总行', '0', '1', '1', '', '.101.', null, null);
INSERT INTO `dict_entry` VALUES ('COF_ORGDEGREE', '102', '分行', '0', '2', '1', '', '.102.', null, null);
INSERT INTO `dict_entry` VALUES ('COF_ORGDEGREE', '103', '海外分行', '0', '3', '1', '', '.103.', null, null);
INSERT INTO `dict_entry` VALUES ('COF_ORGSTATUS', '101', '正常', '0', '1', '1', '', '.101.', null, null);
INSERT INTO `dict_entry` VALUES ('COF_ORGSTATUS', '102', '注销', '0', '2', '1', '', '.102.', null, null);
INSERT INTO `dict_entry` VALUES ('COF_ORGTYPE', '101', '总公司', '0', '1', '1', '', '.101.', null, null);
INSERT INTO `dict_entry` VALUES ('COF_ORGTYPE', '102', '总公司部门', '0', '2', '1', '', '.102.', null, null);
INSERT INTO `dict_entry` VALUES ('COF_ORGTYPE', '103', '分公司', '0', '3', '1', '', '.103.', null, null);
INSERT INTO `dict_entry` VALUES ('COF_ORGTYPE', '104', '分公司部门', '0', '4', '1', '', '.104.', null, null);
INSERT INTO `dict_entry` VALUES ('COF_SKINLAYOUT', 'default', '默认布局', '1', '1', '1', null, '.default.', null, null);
INSERT INTO `dict_entry` VALUES ('COF_SKINLAYOUT', 'menubar', 'menubar', '1', '6', '1', null, '.menubar.', null, null);
INSERT INTO `dict_entry` VALUES ('COF_SKINLAYOUT', 'navtree', 'navtree', '1', '5', '1', null, '.navtree.', null, null);
INSERT INTO `dict_entry` VALUES ('COF_SKINLAYOUT', 'outlookmenu', 'outlookmenu', '1', '2', '1', null, '.outlookmenu.', null, null);
INSERT INTO `dict_entry` VALUES ('COF_SKINLAYOUT', 'outlooktree', 'outlooktree', '1', '3', '1', null, '.outlooktree.', null, null);
INSERT INTO `dict_entry` VALUES ('COF_SKINLAYOUT', 'win7', 'win7', '1', '4', '1', null, '.win7.', null, null);
INSERT INTO `dict_entry` VALUES ('COF_USERSTATUS', '101', '挂起', '0', '1', '1', '', '.101.', null, null);
INSERT INTO `dict_entry` VALUES ('COF_USERSTATUS', '102', '正常', '0', '2', '1', '', '.102.', null, null);
INSERT INTO `dict_entry` VALUES ('COF_USERSTATUS', '103', '锁定', '0', '3', '1', '', '.103.', null, null);
INSERT INTO `dict_entry` VALUES ('COF_USERSTATUS', '104', '注销', '0', '4', '1', '', '.104.', null, null);
INSERT INTO `dict_entry` VALUES ('COF_YESORNO', '1', '是', '0', '1', '1', '', '.1.', null, null);
INSERT INTO `dict_entry` VALUES ('COF_YESORNO', '2', '否', '0', '2', '1', '', '.2.', null, null);
INSERT INTO `dict_entry` VALUES ('DATA_TYPE', '101', 'int', '0', '1', '1', '', '.101.', null, null);
INSERT INTO `dict_entry` VALUES ('DATA_TYPE', '102', 'String', '0', '2', '1', '', '.102.', null, null);
INSERT INTO `dict_entry` VALUES ('DES_APP_TYPE', '2d', '2D可视化', '1', '1', '1', null, '.2d.', null, null);
INSERT INTO `dict_entry` VALUES ('DES_APP_TYPE', '3d', '3D可视化', '1', '3', '1', null, '.3d.', null, null);
INSERT INTO `dict_entry` VALUES ('DES_APP_TYPE', 'mobile2d', '移动端组态', '1', '2', '1', null, '.mobile2d.', null, null);
INSERT INTO `dict_entry` VALUES ('DES_APP_TYPE', 'synthesis', '综合设计', '1', '4', '1', null, '.synthesis.', null, null);
INSERT INTO `dict_entry` VALUES ('DES_APP_TYPE', 'visually', '看板设计', '1', '5', '1', null, '.visually.', null, null);
INSERT INTO `dict_entry` VALUES ('DEVICE_SOFTWARE_STATUS', '101', '正常', '0', '1', '1', '', '.101.', null, null);
INSERT INTO `dict_entry` VALUES ('DEVICE_SOFTWARE_STATUS', '102', '异常', '0', '2', '1', '', '.102.', null, null);
INSERT INTO `dict_entry` VALUES ('DEVICE_SOFTWARE_TYPE', '101', 'CS1-TB-CIP', '0', '1', '1', '', '.101.', null, null);
INSERT INTO `dict_entry` VALUES ('DEVICE_SOFTWARE_TYPE', '102', 'CS1-TB-S7', '0', '2', '1', '', '.102.', null, null);
INSERT INTO `dict_entry` VALUES ('DEVICE_SOFTWARE_TYPE', '103', 'CS1-PC-S7', '0', '3', '1', '', '.103.', null, null);
INSERT INTO `dict_entry` VALUES ('DEVICE_SOFTWARE_TYPE', '104', 'CS1-MC-BF', '0', '4', '1', '', '.104.', null, null);
INSERT INTO `dict_entry` VALUES ('DEVICE_SOFTWARE_TYPE', '105', 'CS1-TJ-Modebus-LYH', '0', '5', '1', '', '.105.', null, null);
INSERT INTO `dict_entry` VALUES ('DEVICE_SOFTWARE_TYPE', '106', 'CS1-TJ-CIP-LYH', '0', '6', '1', '', '.106.', null, null);
INSERT INTO `dict_entry` VALUES ('DEVICE_SOFTWARE_TYPE', '107', 'CS1-TJ-CIP-JY', '0', '7', '1', '', '.107.', null, null);
INSERT INTO `dict_entry` VALUES ('DEVICE_SOFTWARE_TYPE', '108', 'CS2-TB-CIP', '0', '8', '1', '', '.108.', null, null);
INSERT INTO `dict_entry` VALUES ('DEVICE_SOFTWARE_TYPE', '109', 'CS2-PC-CIP', '0', '9', '1', '', '.109.', null, null);
INSERT INTO `dict_entry` VALUES ('DEVICE_SOFTWARE_TYPE', '110', 'CS2-PC-S7', '0', '10', '1', '', '.110.', null, null);
INSERT INTO `dict_entry` VALUES ('DEVICE_SOFTWARE_TYPE', '111', 'CS2-MC-CIP', '0', '11', '1', '', '.111.', null, null);
INSERT INTO `dict_entry` VALUES ('DEVICE_SOFTWARE_TYPE', '112', 'CS2-3-TB-CIP', '0', '12', '1', '', '.112.', null, null);
INSERT INTO `dict_entry` VALUES ('DEVICE_SOFTWARE_TYPE', '113', 'CS3-TB-CIP-JT', '0', '13', '1', '', '.113.', null, null);
INSERT INTO `dict_entry` VALUES ('DEVICE_SOFTWARE_TYPE', '114', 'CS3-TB-CIP-YH', '0', '14', '1', '', '.114.', null, null);
INSERT INTO `dict_entry` VALUES ('DEVICE_SOFTWARE_TYPE', '115', 'CS3-PC-S7', '0', '15', '1', '', '.115.', null, null);
INSERT INTO `dict_entry` VALUES ('DEVICE_SOFTWARE_TYPE', '116', 'CS3-MC-BF', '0', '16', '1', '', '.116.', null, null);
INSERT INTO `dict_entry` VALUES ('DEVICE_SOFTWARE_TYPE', '117', 'CS3-MC-CIP', '0', '17', '1', '', '.117.', null, null);
INSERT INTO `dict_entry` VALUES ('DEVICE_SOFTWARE_TYPE', '118', 'CS3-JR-CIP', '0', '18', '1', '', '.118.', null, null);
INSERT INTO `dict_entry` VALUES ('DISPOSE_RESULT', '101', '成功', '0', '1', '1', '', '.101.', null, null);
INSERT INTO `dict_entry` VALUES ('DISPOSE_RESULT', '102', '失败', '0', '2', '1', '', '.102.', null, null);
INSERT INTO `dict_entry` VALUES ('EQUIPMENT_ACCESS_STATUS', '101', '正常', '0', '1', '1', '', '.101.', null, null);
INSERT INTO `dict_entry` VALUES ('EQUIPMENT_ACCESS_STATUS', '102', '异常', '0', '2', '1', '', '.102.', null, null);
INSERT INTO `dict_entry` VALUES ('EQUIPMENT_PROPERTY', '101', '工控机', '0', '1', '1', '', '.101.', null, null);
INSERT INTO `dict_entry` VALUES ('EQUIPMENT_PROPERTY', '102', 'PLC', '0', '2', '1', '', '.102.', null, null);
INSERT INTO `dict_entry` VALUES ('EQUIPMENT_PROPERTY', '103', 'RFID', '0', '3', '1', '', '.103.', null, null);
INSERT INTO `dict_entry` VALUES ('FileStatus', '101', '未同步', '0', '1', '1', '', '.101.', null, null);
INSERT INTO `dict_entry` VALUES ('FileStatus', '102', '已同步', '0', '2', '1', '', '.102.', null, null);
INSERT INTO `dict_entry` VALUES ('FUNCTION_ID', 'batch', '批次单号', '1', '2', '1', 'FUNCTION_ID', '.batch.', null, null);
INSERT INTO `dict_entry` VALUES ('FUNCTION_ID', 'bom', 'bom清单单号', '1', '7', '1', null, '.bom.', null, null);
INSERT INTO `dict_entry` VALUES ('FUNCTION_ID', 'esop', 'esop单号', '1', '4', '1', null, '.esop.', null, null);
INSERT INTO `dict_entry` VALUES ('FUNCTION_ID', 'flow', '流程单号', '1', '6', '1', null, '.flow.', null, null);
INSERT INTO `dict_entry` VALUES ('FUNCTION_ID', 'order', '订单单号', '1', '1', '1', 'FUNCTION_ID', '.order.', null, null);
INSERT INTO `dict_entry` VALUES ('FUNCTION_ID', 'outsourcing', '外协单号', '1', '8', '1', null, '.outsourcing.', null, null);
INSERT INTO `dict_entry` VALUES ('FUNCTION_ID', 'pick', '补料单号', '1', '10', '1', null, '.pick.', null, null);
INSERT INTO `dict_entry` VALUES ('FUNCTION_ID', 'plan', '计划单号', '1', '12', '1', null, '.plan.', null, null);
INSERT INTO `dict_entry` VALUES ('FUNCTION_ID', 'purchase', '采购单单号', '1', '11', '1', null, '.purchase.', null, null);
INSERT INTO `dict_entry` VALUES ('FUNCTION_ID', 'quality', '质检单单号', '1', '16', '1', null, '.quality.', null, null);
INSERT INTO `dict_entry` VALUES ('FUNCTION_ID', 'repairNo', '维修单号', '1', '15', '1', null, '.repairNo.', null, null);
INSERT INTO `dict_entry` VALUES ('FUNCTION_ID', 'repairOrderNo', '设备故障', '1', '14', '1', null, '.repairOrderNo.', null, null);
INSERT INTO `dict_entry` VALUES ('FUNCTION_ID', 'sop', 'sop模板单号', '1', '3', '1', null, '.sop.', null, null);
INSERT INTO `dict_entry` VALUES ('FUNCTION_ID', 'sparePartNumber', '备件编号', '1', '17', '1', null, '.sparePartNumber.', null, null);
INSERT INTO `dict_entry` VALUES ('FUNCTION_ID', 'spotCheckTask', '点检任务', '1', '20', '1', 'FUNCTION_ID', '.spotCheckTask.', null, null);
INSERT INTO `dict_entry` VALUES ('FUNCTION_ID', 'spotInspectionStandard', '点检标准', '1', '18', '1', null, '.spotInspectionStandard.', null, null);
INSERT INTO `dict_entry` VALUES ('FUNCTION_ID', 'stockNumbers', '出入库单号', '1', '21', '1', null, '.stockNumbers.', null, null);
INSERT INTO `dict_entry` VALUES ('FUNCTION_ID', 'task', '任务单号', '1', '13', '1', null, '.task.', null, null);
INSERT INTO `dict_entry` VALUES ('FUNCTION_ID', 'technology', '工艺单号', '1', '5', '1', null, '.technology.', null, null);
INSERT INTO `dict_entry` VALUES ('FUNCTION_ID', 'trial', '试做单号', '1', '9', '1', null, '.trial.', null, null);
INSERT INTO `dict_entry` VALUES ('FUNCTION_ID', 'wareTask', '出入库单任务', '1', '22', '1', null, '.wareTask.', null, null);
INSERT INTO `dict_entry` VALUES ('GROUP_TYPE', '101', '连接块', '0', '1', '1', '', '.101.', null, null);
INSERT INTO `dict_entry` VALUES ('GROUP_TYPE', '102', '上料块', '0', '2', '1', '', '.102.', null, null);
INSERT INTO `dict_entry` VALUES ('GROUP_TYPE', '103', '下料块', '0', '3', '1', '', '.103.', null, null);
INSERT INTO `dict_entry` VALUES ('GROUP_TYPE', '104', '数据块', '0', '4', '1', '', '.104.', null, null);
INSERT INTO `dict_entry` VALUES ('ISMAINVERSION', '001', '是', '0', '1', '1', '', '.001.', null, null);
INSERT INTO `dict_entry` VALUES ('ISMAINVERSION', '002', '否', '0', '2', '1', '', '.002.', null, null);
INSERT INTO `dict_entry` VALUES ('IS_END', '101', '是', '0', '1', '1', '', '.101.', null, null);
INSERT INTO `dict_entry` VALUES ('IS_END', '102', '否', '0', '2', '1', '', '.102.', null, null);
INSERT INTO `dict_entry` VALUES ('IS_USE', '101', '是', '0', '1', '1', '', '.101.', null, null);
INSERT INTO `dict_entry` VALUES ('IS_USE', '102', '否', '0', '2', '1', '', '.102.', null, null);
INSERT INTO `dict_entry` VALUES ('LOG_DELETE_RULE_TYPE', '101', '保留型', '0', '1', '1', '', '.101.', null, null);
INSERT INTO `dict_entry` VALUES ('LOG_STATUS', '101', '正常', '0', '1', '1', '', '.101.', null, null);
INSERT INTO `dict_entry` VALUES ('LOG_STATUS', '102', '异常', '0', '2', '1', '', '.102.', null, null);
INSERT INTO `dict_entry` VALUES ('LOG_TYPE', '101', '登录日志', '0', '1', '1', '', '.101.', null, null);
INSERT INTO `dict_entry` VALUES ('LOG_TYPE', '102', '接口日志', '0', '2', '1', '', '.102.', null, null);
INSERT INTO `dict_entry` VALUES ('LOG_TYPE', '103', '操作日志', '0', '3', '1', '', '.103.', null, null);
INSERT INTO `dict_entry` VALUES ('LOG_TYPE', '104', '设备交互日志', '0', '4', '1', '', '.104.', null, null);
INSERT INTO `dict_entry` VALUES ('LOG_TYPE', '105', 'PLC交互日志', '0', '5', '1', 'LOG_TYPE', '.105.', null, null);
INSERT INTO `dict_entry` VALUES ('LOG_TYPE', '106', 'RFID交互日志', '0', '6', '1', '', '.106.', null, null);
INSERT INTO `dict_entry` VALUES ('LOG_TYPE', '107', 'MES交互日志', '0', '7', '1', '', '.107.', null, null);
INSERT INTO `dict_entry` VALUES ('LOG_TYPE', '108', '异常日志', '0', '8', '1', '', '.108.', null, null);
INSERT INTO `dict_entry` VALUES ('numbasis', 'WFprocess', '按功能', '1', '1', '1', 'numbasis', '.WFprocess.', null, null);
INSERT INTO `dict_entry` VALUES ('numbasis', 'WFprocess_year', '按功能+年', '1', '2', '1', 'numbasis', '.WFprocess_year.', null, null);
INSERT INTO `dict_entry` VALUES ('numbasis', 'WFprocess_year_month', '按功能 + 年 + 月', '1', '3', '1', 'numbasis', '.WFprocess_year_month.', null, null);
INSERT INTO `dict_entry` VALUES ('numbasis', 'WFprocess_year_month_day', '按功能 + 年 + 月 + 日', '1', '4', '1', 'numbasis', '.WFprocess_year_month_day.', null, null);
INSERT INTO `dict_entry` VALUES ('OPERATE_RESULT', '101', '成功', '0', '1', '1', '', '.101.', null, null);
INSERT INTO `dict_entry` VALUES ('OPERATE_RESULT', '102', '失败', '0', '2', '1', '', '.102.', null, null);
INSERT INTO `dict_entry` VALUES ('OPERATE_TYPE', '101', '新建', '0', '1', '1', '', '.101.', null, null);
INSERT INTO `dict_entry` VALUES ('OPERATE_TYPE', '102', '修改', '0', '2', '1', '', '.102.', null, null);
INSERT INTO `dict_entry` VALUES ('OPERATE_TYPE', '103', '删除', '0', '3', '1', '', '.103.', null, null);
INSERT INTO `dict_entry` VALUES ('PERFORM_STEP', '101', '1', '0', '1', '1', '', '.101.', null, null);
INSERT INTO `dict_entry` VALUES ('PERFORM_STEP', '102', '2', '0', '2', '1', '', '.102.', null, null);
INSERT INTO `dict_entry` VALUES ('PERFORM_STEP', '103', '3', '0', '3', '1', '', '.103.', null, null);
INSERT INTO `dict_entry` VALUES ('REGISTER_STATUS', '101', '已注册', '0', '1', '1', '', '.101.', null, null);
INSERT INTO `dict_entry` VALUES ('REGISTER_STATUS', '102', '未注册', '0', '2', '1', '', '.102.', null, null);
INSERT INTO `dict_entry` VALUES ('Rollback', '100', '未回退', '0', '1', '1', '', '.100.', null, null);
INSERT INTO `dict_entry` VALUES ('Rollback', '101', '回退中', '0', '2', '1', '', '.101.', null, null);
INSERT INTO `dict_entry` VALUES ('Rollback', '102', '已回退', '0', '3', '1', '', '.102.', null, null);
INSERT INTO `dict_entry` VALUES ('SOFTWARE_TYPE', '1', '1', '0', '1', '1', '', '.1.', null, null);
INSERT INTO `dict_entry` VALUES ('SOFTWARE_TYPE', '2', '2', '0', '2', '1', '', '.2.', null, null);
INSERT INTO `dict_entry` VALUES ('SOFTWARE_TYPE', '3', '4', '0', '4', '1', 'SOFTWARE_TYPE', '.3.', null, null);
INSERT INTO `dict_entry` VALUES ('SOURCE', '101', 'MCRS->终端', '0', '1', '1', '', '.101.', null, null);
INSERT INTO `dict_entry` VALUES ('SOURCE', '102', '终端->MCRS', '0', '2', '1', '', '.102.', null, null);
INSERT INTO `dict_entry` VALUES ('TIME_UNIT', '101', '天', '0', '1', '1', '', '.101.', null, null);
INSERT INTO `dict_entry` VALUES ('TIME_UNIT', '102', '周', '0', '2', '1', '', '.102.', null, null);
INSERT INTO `dict_entry` VALUES ('TIME_UNIT', '103', '月', '0', '3', '1', '', '.103.', null, null);
INSERT INTO `dict_entry` VALUES ('TIME_UNIT', '104', '分', '0', '4', '1', '', '.104.', null, null);
INSERT INTO `dict_entry` VALUES ('UPDATESTRATEGY', '101', '强制更新', '0', '1', '1', '', '.001.', null, null);
INSERT INTO `dict_entry` VALUES ('UPDATESTRATEGY', '102', '手动更新', '0', '2', '1', '', '.002.', null, null);
INSERT INTO `dict_entry` VALUES ('UPDATE_STATUS', '100', '未升级', '0', '1', '1', 'UPDATE_STATUS', '.100.', null, null);
INSERT INTO `dict_entry` VALUES ('UPDATE_STATUS', '101', '升级中', '0', '2', '1', '', '.101.', null, null);
INSERT INTO `dict_entry` VALUES ('UPDATE_STATUS', '102', '已升级', '0', '3', '1', '', '.102.', null, null);
INSERT INTO `dict_entry` VALUES ('USER_TYPE', '101', '服务端用户', '0', '1', '1', '', '.101.', null, null);
INSERT INTO `dict_entry` VALUES ('USER_TYPE', '102', '终端用户', '0', '2', '1', '', '.102.', null, null);
INSERT INTO `dict_entry` VALUES ('USE_PROCESS', '101', '冷压', '0', '1', '1', '', '.101.', null, null);
INSERT INTO `dict_entry` VALUES ('USE_PROCESS', '102', '模切', '0', '2', '1', '', '.102.', null, null);
INSERT INTO `dict_entry` VALUES ('USE_PROCESS', '103', '卷绕', '0', '3', '1', '', '.103.', null, null);
INSERT INTO `dict_entry` VALUES ('USE_PROCESS', '104', '涂布', '0', '4', '1', '', '.104.', null, null);
INSERT INTO `dict_entry` VALUES ('USE_PROCESS', '105', '贴胶', '0', '5', '1', '', '.105.', null, null);
INSERT INTO `dict_entry` VALUES ('WARNING_LEVEL', '101', '1级', '0', '1', '1', '', '.101.', null, null);
INSERT INTO `dict_entry` VALUES ('WARNING_LEVEL', '102', '2级', '0', '2', '1', 'WARNING_LEVEL', '.102.', null, null);
INSERT INTO `dict_entry` VALUES ('WARNING_LEVEL', '103', '3级', '0', '3', '1', 'WARNING_LEVEL', '.103.', null, null);
INSERT INTO `dict_entry` VALUES ('WARNING_LEVEL', '104', '4级', '0', '4', '1', '', '.104.', null, null);
INSERT INTO `dict_entry` VALUES ('WARNING_LEVEL', '105', '5级', '0', '5', '1', '', '.105.', null, null);
INSERT INTO `dict_entry` VALUES ('WRANING_TYPE', '101', '硬件预警', '0', '1', '1', 'WRANING_TYPE', '.101.', null, null);
INSERT INTO `dict_entry` VALUES ('WRANING_TYPE', '102', '行为预警', '0', '2', '1', 'WRANING_TYPE', '.102.', null, null);


